frame,ms
0,30
1,6
2,4
3,4
4,4
5,6
6,5
7,6
8,5
9,4
10,5
11,5
12,4
13,5
14,4
15,6
16,5
17,5
18,5
19,4
20,8
21,9
22,8
23,5
24,5
25,5
26,7
27,5
28,4
29,5
30,7
31,10
32,7
33,7
34,5
35,5
36,9
37,6
38,7
39,5
40,17
41,9
42,5
43,5
44,7
45,7
46,8
47,4
48,7
49,5
50,5
51,4
52,8
53,4
54,5
55,5
56,5
57,7
58,5
59,5
60,5
61,7
62,7
63,7
64,8
65,7
66,8
67,9
68,7
69,7
70,8
71,7
72,9
73,6
74,7
75,6
76,7
77,5
78,11
79,8
80,8
81,7
82,7
83,9
84,7
85,7
86,7
87,6
88,9
89,4
90,16
91,5
92,5
93,6
94,5
95,8
96,5
97,5
98,8
99,7
100,8
101,5
102,6
103,5
104,6
105,6
106,7
107,5
108,5
109,9
110,7
111,6
112,6
113,6
114,8
115,7
116,5
117,4
118,5
119,9
120,7
121,5
122,4
123,5
124,5
125,7
126,7
127,6
128,7
129,7
130,9
131,7
132,8
133,7
134,9
135,10
136,4
137,5
138,6
139,5
140,8
141,7
142,6
143,4
144,5
145,5
146,5
147,7
148,5
149,5
150,4
151,5
152,4
153,5
154,4
155,7
156,7
157,7
158,6
159,5
160,4
161,6
162,4
163,5
164,5
165,7
166,8
167,5
168,5
169,4
170,17
171,6
172,4
173,6
174,7
175,7
176,7
177,9
178,4
179,5
180,5
181,5
182,7
183,5
184,5
185,4
186,4
187,7
188,6
189,7
190,6
191,4
192,6
193,6
194,7
195,7
196,7
197,7
198,7
199,6
200,5
201,5
202,5
203,5
204,5
205,4
206,5
207,5
208,5
209,4
210,4
211,5
212,4
213,6
214,5
215,5
216,5
217,4
218,7
219,6
220,5
221,5
222,8
223,10
224,7
225,8
226,8
227,8
228,7
229,9
230,4
231,4
232,5
233,5
234,9
235,7
236,5
237,5
238,5
239,6
240,21
241,6
242,5
243,6
244,7
245,5
246,5
247,4
248,5
249,5
250,7
251,4
252,4
253,5
254,4
255,6
256,5
257,4
258,6
259,6
260,6
261,7
262,7
263,6
264,8
265,10
266,6
267,6
268,7
269,5
270,6
271,7
272,5
273,5
274,5
275,6
276,7
277,7
278,6
279,7
280,6
281,8
282,5
283,5
284,4
285,5
286,6
287,4
288,6
289,7
290,17
291,6
292,5
293,4
294,4
295,5
296,8
297,6
298,5
299,4
300,5
301,6
302,9
303,6
304,5
305,4
306,5
307,9
308,4
309,6
310,7
311,6
312,7
313,5
314,4
315,4
316,5
317,8
318,4
319,5
320,5
321,7
322,8
323,4
324,5
325,4
326,4
327,4
328,7
329,7
330,6
331,6
332,6
333,6
334,6
335,7
336,5
337,7
338,10
339,7
340,5
341,4
342,5
343,7
344,7
345,5
346,8
347,8
348,9
349,8
350,6
351,7
352,6
353,7
354,8
355,7
356,7
357,7
358,7
359,9
360,5
361,5
362,7
363,7
364,9
365,7
366,5
367,4
368,4
369,5
370,17
371,5
372,5
373,6
374,6
375,6
376,5
377,4
378,5
379,5
380,6
381,4
382,5
383,6
384,5
385,7
386,6
387,4
388,5
389,5
390,6
391,5
392,5
393,6
394,7
395,6
396,5
397,5
398,6
399,6
400,6
401,9
402,7
403,27
404,14
405,8
406,16
407,15
408,15
409,12
410,16
411,13
412,5
413,5
414,5
415,5
416,9
417,5
418,5
419,4
420,5
421,6
422,5
423,4
424,4
425,7
426,4
427,9
428,7
429,5
430,5
431,5
432,9
433,6
434,5
435,5
436,5
437,5
438,6
439,5
440,17
441,6
442,6
443,5
444,5
445,4
446,6
447,8
448,7
449,4
450,4
451,5
452,4
453,9
454,6
455,6
456,5
457,7
458,8
459,4
460,5
461,6
462,5
463,6
464,5
465,5
466,4
467,4
468,6
469,6
470,5
471,5
472,4
473,6
474,5
475,4
476,6
477,5
478,5
479,6
480,5
481,5
482,5
483,5
484,6
485,6
486,7
487,5
488,4
489,6
490,17
491,5
492,6
493,4
494,8
495,6
496,5
497,5
498,7
499,6
500,8
501,7
502,5
503,7
504,6
505,6
506,4
507,5
508,5
509,6
510,8
511,4
512,6
513,7
514,6
515,8
516,5
517,7
518,7
519,7
520,10
521,7
522,7
523,7
524,7
525,8
526,10
527,8
528,7
529,8
530,8
531,7
532,5
533,5
534,4
535,5
536,9
537,6
538,6
539,5
540,4
541,6
542,4
543,5
544,6
545,6
546,9
547,5
548,4
549,5
550,7
551,6
552,8
553,6
554,4
555,7
556,6
557,10
558,7
559,5
560,4
561,5
562,7
563,6
564,7
565,7
566,5
567,7
568,5
569,4
570,22
571,6
572,7
573,4
574,4
575,7
576,6
577,7
578,8
579,5
580,4
581,5
582,7
583,7
584,6
585,6
586,4
587,5
588,6
589,6
590,7
591,6
592,7
593,7
594,4
595,6
596,6
597,7
598,8
599,6
600,6
601,4
602,6
603,6
604,9
605,6
606,7
607,8
608,7
609,6
610,4
611,4
612,5
613,5
614,6
615,4
616,4
617,5
618,8
619,9
620,6
621,5
622,5
623,4
624,4
625,7
626,7
627,4
628,5
629,4
630,6
631,4
632,5
633,4
634,5
635,7
636,4
637,4
638,5
639,5
640,15
641,6
642,5
643,5
644,5
645,5
646,5
647,5
648,8
649,4
650,5
651,7
652,5
653,4
654,4
655,6
656,7
657,5
658,6
659,6
660,4
661,6
662,5
663,7
664,5
665,5
666,5
667,5
668,4
669,6
670,7
671,9
672,4
673,5
674,4
675,5
676,4
677,7
678,7
679,6
680,4
681,5
682,9
683,5
684,5
685,5
686,5
687,6
688,6
689,4
690,15
691,5
692,8
693,6
694,6
695,5
696,5
697,6
698,3
699,5
700,4
701,4
702,5
703,7
704,5
705,7
706,6
707,8
708,8
709,7
710,6
711,7
712,6
713,10
714,7
715,7
716,7
717,6
718,9
719,5
720,5
721,4
722,5
723,10
724,5
725,5
726,5
727,7
728,5
729,8
730,5
731,5
732,6
733,6
734,6
735,4
736,5
737,6
738,7
739,6
740,4
741,4
742,4
743,6
744,10
745,6
746,5
747,6
748,8
749,7
750,10
751,6
752,7
753,7
754,7
755,6
756,7
757,6
758,5
759,4
760,9
761,6
762,6
763,6
764,5
765,6
766,5
767,6
768,6
769,5
770,22
771,4
772,6
773,7
774,7
775,7
776,6
777,6
778,5
779,4
780,5
781,6
782,5
783,6
784,6
785,7
786,6
787,5
788,5
789,7
790,7
791,8
792,7
793,6
794,5
795,5
796,9
797,5
798,4
799,6
800,6
801,7
802,9
803,7
804,6
805,5
806,5
807,6
808,5
809,4
810,25
811,5
812,6
813,7
814,5
815,7
816,6
817,6
818,5
819,7
820,5
821,6
822,6
823,5
824,4
825,6
826,5
827,4
828,7
829,5
830,5
831,5
832,4
833,6
834,4
835,5
836,4
837,6
838,9
839,6
840,17
841,5
842,6
843,9
844,5
845,5
846,6
847,5
848,9
849,5
850,5
851,5
852,5
853,4
854,6
855,6
856,7
857,8
858,7
859,10
860,7
861,7
862,8
863,7
864,6
865,5
866,5
867,4
868,4
869,8
870,18
871,7
872,6
873,7
874,7
875,11
876,5
877,5
878,5
879,5
880,8
881,6
882,5
883,5
884,5
885,8
886,7
887,6
888,6
889,8
890,19
891,8
892,6
893,6
894,7
895,7
896,6
897,6
898,6
899,5
900,6
901,9
902,5
903,6
904,4
905,7
906,11
907,6
908,5
909,5
910,19
911,5
912,4
913,5
914,4
915,5
916,4
917,4
918,4
919,6
920,9
921,6
922,7
923,7
924,6
925,8
926,7
927,6
928,5
929,4
930,19
931,6
932,4
933,4
934,5
935,5
936,4
937,3
938,4
939,4
940,9
941,6
942,5
943,6
944,4
945,7
946,5
947,7
948,6
949,4
950,19
951,6
952,5
953,6
954,5
955,5
956,6
957,6
958,8
959,7
960,9
961,10
962,7
963,7
964,8
965,7
966,8
967,8
968,7
969,7
970,24
971,9
972,5
973,7
974,8
975,7
976,9
977,7
978,7
979,7
980,7
981,7
982,9
983,9
984,7
985,7
986,6
987,9
988,8
989,6
990,8
991,8
992,9
993,9
994,8
995,7
996,7
997,8
998,6
999,7
1000,4
1001,6
1002,8
1003,4
1004,4
1005,4
1006,5
1007,5
1008,7
1009,6
1010,5
1011,6
1012,7
1013,7
1014,5
1015,6
1016,6
1017,7
1018,9
1019,6
1020,8
1021,7
1022,7
1023,7
1024,6
1025,4
1026,4
1027,5
1028,6
1029,6
1030,5
1031,4
1032,5
1033,6
1034,6
1035,4
1036,5
1037,4
1038,5
1039,6
1040,14
1041,5
1042,5
1043,5
1044,7
1045,4
1046,4
1047,4
1048,5
1049,5
1050,4
1051,4
1052,4
1053,5
1054,5
1055,6
1056,5
1057,4
1058,4
1059,4
1060,5
1061,5
1062,4
1063,6
1064,4
1065,5
1066,4
1067,4
1068,5
1069,5
1070,17
1071,5
1072,6
1073,6
1074,6
1075,7
1076,5
1077,5
1078,5
1079,5
1080,6
1081,9
1082,8
1083,7
1084,6
1085,6
1086,7
1087,5
1088,5
1089,7
1090,18
1091,11
1092,6
1093,8
1094,6
1095,5
1096,7
1097,5
1098,5
1099,6
1100,5
1101,7
1102,5
1103,5
1104,5
1105,6
1106,5
1107,8
1108,5
1109,6
1110,16
1111,4
1112,3
1113,6
1114,5
1115,8
1116,3
1117,4
1118,4
1119,4
1120,6
1121,6
1122,4
1123,4
1124,4
1125,6
1126,5
1127,6
1128,6
1129,5
1130,19
1131,4
1132,4
1133,6
1134,6
1135,5
1136,4
1137,5
1138,4
1139,4
1140,6
1141,4
1142,4
1143,4
1144,4
1145,9
1146,5
1147,6
1148,7
1149,7
1150,20
1151,5
1152,4
1153,6
1154,4
1155,5
1156,7
1157,7
1158,5
1159,8
1160,7
1161,6
1162,4
1163,5
1164,4
1165,5
1166,8
1167,5
1168,5
1169,4
1170,21
1171,6
1172,4
1173,5
1174,5
1175,5
1176,6
1177,6
1178,5
1179,5
1180,5
1181,4
1182,6
1183,5
1184,5
1185,4
1186,5
1187,6
1188,6
1189,5
1190,5
1191,4
1192,6
1193,5
1194,5
1195,7
1196,5
1197,6
1198,5
1199,4
1200,5
1201,7
1202,7
1203,5
1204,3
1205,4
1206,5
1207,4
1208,7
1209,7
1210,5
1211,6
1212,7
1213,5
1214,4
1215,4
1216,4
1217,5
1218,8
1219,6
1220,6
1221,6
1222,4
1223,6
1224,6
1225,5
1226,5
1227,5
1228,6
1229,5
1230,4
1231,5
1232,7
1233,7
1234,7
1235,5
1236,4
1237,5
1238,5
1239,6
1240,15
1241,5
1242,5
1243,6
1244,5
1245,5
1246,4
1247,4
1248,4
1249,7
1250,6
1251,4
1252,4
1253,4
1254,5
1255,7
1256,6
1257,5
1258,4
1259,5
1260,6
1261,5
1262,4
1263,6
1264,4
1265,5
1266,5
1267,4
1268,5
1269,6
1270,18
1271,6
1272,6
1273,6
1274,7
1275,7
1276,6
1277,6
1278,6
1279,6
1280,4
1281,8
1282,5
1283,5
1284,6
1285,6
1286,7
1287,5
1288,5
1289,5
1290,18
1291,7
1292,6
1293,6
1294,5
1295,6
1296,7
1297,5
1298,6
1299,6
1300,6
1301,7
1302,5
1303,6
1304,8
1305,5
1306,8
1307,8
1308,5
1309,6
1310,17
1311,4
1312,4
1313,4
1314,6
1315,5
1316,4
1317,4
1318,4
1319,4
1320,7
1321,5
1322,4
1323,5
1324,5
1325,9
1326,7
1327,7
1328,5
1329,6
1330,17
1331,4
1332,4
1333,3
1334,4
1335,4
1336,4
1337,5
1338,5
1339,3
1340,6
1341,4
1342,4
1343,4
1344,4
1345,7
1346,4
1347,5
1348,4
1349,5
1350,24
1351,8
1352,7
1353,8
1354,7
1355,6
1356,6
1357,5
1358,5
1359,5
1360,5
1361,9
1362,5
1363,5
1364,5
1365,7
1366,7
1367,6
1368,4
1369,5
1370,25
1371,9
1372,7
1373,5
1374,5
1375,5
1376,8
1377,7
1378,6
1379,5
1380,8
1381,6
1382,8
1383,7
1384,6
1385,6
1386,6
1387,6
1388,5
1389,7
1390,5
1391,6
1392,7
1393,5
1394,5
1395,6
1396,4
1397,6
1398,4
1399,4
1400,6
1401,7
1402,9
1403,7
1404,6
1405,7
1406,7
1407,6
1408,9
1409,5
1410,5
1411,4
1412,4
1413,5
1414,4
1415,4
1416,4
1417,4
1418,6
1419,4
1420,4
1421,4
1422,4
1423,6
1424,7
1425,7
1426,6
1427,5
1428,5
1429,5
1430,5
1431,5
1432,5
1433,4
1434,6
1435,4
1436,4
1437,3
1438,4
1439,7
1440,19
1441,5
1442,6
1443,6
1444,8
1445,4
1446,4
1447,5
1448,4
1449,8
1450,4
1451,4
1452,4
1453,4
1454,4
1455,5
1456,4
1457,4
1458,7
1459,4
1460,6
1461,4
1462,4
1463,5
1464,4
1465,6
1466,4
1467,4
1468,4
1469,4
1470,17
1471,6
1472,6
1473,6
1474,8
1475,11
1476,5
1477,5
1478,5
1479,5
1480,5
1481,7
1482,5
1483,4
1484,7
1485,6
1486,7
1487,6
1488,5
1489,5
1490,18
1491,7
1492,5
1493,5
1494,5
1495,5
1496,10
1497,7
1498,4
1499,5
1500,5
1501,7
1502,5
1503,5
1504,8
1505,6
1506,4
1507,7
1508,6
1509,7
1510,20
1511,3
1512,4
1513,3
1514,4
1515,4
1516,4
1517,6
1518,6
1519,3
1520,6
1521,4
1522,4
1523,4
1524,4
1525,6
1526,4
1527,5
1528,5
1529,5
1530,16
1531,3
1532,4
1533,4
1534,4
1535,5
1536,5
1537,6
1538,4
1539,4
1540,7
1541,5
1542,7
1543,5
1544,5
1545,5
1546,4
1547,6
1548,7
1549,5
1550,18
1551,4
1552,5
1553,5
1554,5
1555,4
1556,10
1557,4
1558,5
1559,4
1560,5
1561,6
1562,4
1563,5
1564,5
1565,5
1566,6
1567,4
1568,4
1569,4
1570,17
1571,6
1572,5
1573,4
1574,4
1575,4
1576,6
1577,5
1578,6
1579,5
1580,5
1581,4
1582,6
1583,4
1584,5
1585,4
1586,5
1587,7
1588,4
1589,5
1590,6
1591,4
1592,6
1593,4
1594,4
1595,6
1596,5
1597,7
1598,6
1599,5
1600,5
1601,4
1602,5
1603,4
1604,4
1605,4
1606,4
1607,3
1608,6
1609,4
1610,6
1611,4
1612,5
1613,5
1614,4
1615,4
1616,3
1617,4
1618,5
1619,4
1620,5
1621,5
1622,5
1623,6
1624,6
1625,5
1626,4
1627,5
1628,9
1629,4
1630,5
1631,6
1632,5
1633,4
1634,6
1635,4
1636,4
1637,5
1638,4
1639,6
1640,14
1641,4
1642,5
1643,5
1644,5
1645,4
1646,4
1647,5
1648,4
1649,5
1650,4
1651,4
1652,4
1653,4
1654,4
1655,5
1656,4
1657,3
1658,6
1659,5
1660,6
1661,5
1662,4
1663,6
1664,5
1665,6
1666,5
1667,4
1668,4
1669,4
1670,20
1671,5
1672,5
1673,5
1674,5
1675,8
1676,7
1677,8
1678,5
1679,5
1680,7
1681,9
1682,7
1683,4
1684,5
1685,5
1686,7
1687,5
1688,5
1689,5
1690,19
1691,8
1692,5
1693,5
1694,5
1695,7
1696,8
1697,5
1698,5
1699,5
1700,5
1701,8
1702,6
1703,5
1704,5
1705,5
1706,5
1707,7
1708,6
1709,5
1710,17
1711,4
1712,3
1713,4
1714,4
1715,6
1716,4
1717,4
1718,4
1719,6
1720,5
1721,7
1722,7
1723,7
1724,6
1725,6
1726,5
1727,4
1728,5
1729,5
1730,19
1731,4
1732,4
1733,3
1734,4
1735,5
1736,4
1737,3
1738,4
1739,3
1740,6
1741,5
1742,7
1743,7
1744,6
1745,5
1746,5
1747,4
1748,7
1749,7
1750,18
1751,5
1752,7
1753,6
1754,6
1755,6
1756,6
1757,4
1758,6
1759,5
1760,6
1761,6
1762,4
1763,5
1764,4
1765,4
1766,6
1767,6
1768,5
1769,4
1770,16
1771,6
1772,4
1773,4
1774,4
1775,5
1776,9
1777,5
1778,5
1779,4
1780,5
1781,5
1782,8
1783,4
1784,4
1785,5
1786,4
1787,6
1788,5
1789,5
1790,5
1791,4
1792,6
1793,4
1794,4
1795,4
1796,4
1797,7
1798,4
1799,4
1800,5
1801,6
1802,8
1803,7
1804,4
1805,4
1806,4
1807,5
1808,10
1809,4
1810,4
1811,4
1812,5
1813,5
1814,4
1815,4
1816,4
1817,4
1818,6
1819,4
1820,5
1821,4
1822,4
1823,6
1824,5
1825,5
1826,4
1827,5
1828,6
1829,5
1830,4
1831,5
1832,4
1833,5
1834,6
1835,6
1836,5
1837,5
1838,4
1839,6
1840,13
1841,7
1842,4
1843,5
1844,6
1845,4
1846,4
1847,5
1848,5
1849,6
1850,4
1851,4
1852,4
1853,4
1854,5
1855,5
1856,4
1857,7
1858,4
1859,4
1860,6
1861,6
1862,5
1863,5
1864,4
1865,6
1866,4
1867,6
1868,4
1869,4
1870,16
1871,5
1872,6
1873,6
1874,8
1875,8
1876,4
1877,5
1878,5
1879,8
1880,5
1881,7
1882,6
1883,7
1884,5
1885,6
1886,8
1887,7
1888,7
1889,7
1890,16
1891,7
1892,5
1893,5
1894,6
1895,5
1896,6
1897,6
1898,5
1899,5
1900,5
1901,7
1902,5
1903,5
1904,5
1905,5
1906,7
1907,8
1908,6
1909,8
1910,14
1911,3
1912,5
1913,7
1914,4
1915,5
1916,4
1917,3
1918,3
1919,4
1920,6
1921,4
1922,4
1923,5
1924,4
1925,7
1926,4
1927,4
1928,5
1929,5
1930,16
1931,4
1932,3
1933,4
1934,4
1935,6
1936,6
1937,4
1938,3
1939,4
1940,5
1941,7
1942,7
1943,5
1944,4
1945,7
1946,8
1947,4
1948,5
1949,4
1950,26
1951,7
1952,4
1953,5
1954,5
1955,4
1956,6
1957,5
1958,4
1959,5
1960,5
1961,5
1962,4
1963,4
1964,4
1965,5
1966,5
1967,4
1968,5
1969,6
1970,17
1971,6
1972,4
1973,5
1974,4
1975,5
1976,5
1977,5
1978,5
1979,5
1980,6
1981,4
1982,6
1983,5
1984,5
1985,4
1986,5
1987,8
1988,7
1989,5
1990,5
1991,5
1992,6
1993,5
1994,5
1995,6
1996,5
1997,7
1998,5
1999,5
2000,4
2001,4
2002,7
2003,5
2004,4
2005,4
2006,3
2007,5
2008,5
2009,6
2010,6
2011,5
2012,7
2013,7
2014,4
2015,4
2016,4
2017,4
2018,6
2019,5
2020,4
2021,5
2022,4
2023,5
2024,5
2025,5
2026,5
2027,4
2028,7
2029,5
2030,4
2031,6
2032,5
2033,5
2034,6
2035,4
2036,4
2037,5
2038,5
2039,6
2040,14
2041,5
2042,4
2043,5
2044,6
2045,4
2046,4
2047,3
2048,5
2049,6
2050,4
2051,5
2052,4
2053,5
2054,4
2055,6
2056,4
2057,4
2058,4
2059,4
2060,7
2061,5
2062,6
2063,6
2064,5
2065,6
2066,4
2067,4
2068,4
2069,5
2070,21
2071,5
2072,6
2073,5
2074,5
2075,7
2076,5
2077,5
2078,5
2079,5
2080,5
2081,7
2082,5
2083,4
2084,5
2085,5
2086,8
2087,5
2088,5
2089,6
2090,21
2091,8
2092,5
2093,5
2094,6
2095,5
2096,7
2097,5
2098,6
2099,5
2100,6
2101,7
2102,5
2103,5
2104,5
2105,5
2106,5
2107,7
2108,6
2109,6
2110,22
2111,3
2112,4
2113,4
2114,3
2115,8
2116,4
2117,6
2118,5
2119,5
2120,6
2121,4
2122,5
2123,6
2124,4
2125,6
2126,5
2127,5
2128,4
2129,6
2130,18
2131,4
2132,4
2133,6
2134,4
2135,5
2136,4
2137,4
2138,4
2139,4
2140,5
2141,5
2142,7
2143,4
2144,4
2145,6
2146,5
2147,6
2148,6
2149,7
2150,20
2151,5
2152,5
2153,8
2154,6
2155,5
2156,6
2157,5
2158,6
2159,5
2160,6
2161,6
2162,4
2163,5
2164,4
2165,5
2166,6
2167,6
2168,5
2169,5
2170,15
2171,7
2172,4
2173,6
2174,5
2175,7
2176,7
2177,4
2178,4
2179,4
2180,6
2181,5
2182,7
2183,5
2184,5
2185,5
2186,6
2187,7
2188,5
2189,5
2190,6
2191,7
2192,7
2193,4
2194,5
2195,6
2196,6
2197,9
2198,6
2199,4
2200,7
2201,4
2202,6
2203,5
2204,5
2205,6
2206,5
2207,3
2208,6
2209,5
2210,7
2211,5
2212,5
2213,7
2214,4
2215,4
2216,4
2217,3
2218,6
2219,6
2220,5
2221,4
2222,4
2223,6
2224,6
2225,7
2226,8
2227,7
2228,8
2229,6
2230,5
2231,4
2232,4
2233,6
2234,6
2235,4
2236,5
2237,5
2238,5
2239,5
2240,18
2241,6
2242,5
2243,8
2244,6
2245,4
2246,4
2247,4
2248,5
2249,5
2250,5
2251,6
2252,5
2253,4
2254,3
2255,5
2256,4
2257,5
2258,6
2259,6
2260,6
2261,6
2262,5
2263,4
2264,5
2265,7
2266,5
2267,5
2268,4
2269,4
2270,25
2271,8
2272,6
2273,7
2274,8
2275,9
2276,8
2277,9
2278,8
2279,8
2280,5
2281,7
2282,5
2283,7
2284,7
2285,5
2286,7
2287,5
2288,7
2289,8
2290,24
2291,11
2292,7
2293,6
2294,6
2295,4
2296,9
2297,7
2298,5
2299,6
2300,6
2301,8
2302,5
2303,8
2304,8
2305,10
2306,10
2307,8
2308,5
2309,5
2310,18
2311,4
2312,5
2313,5
2314,4
2315,6
2316,6
2317,4
2318,6
2319,6
2320,7
2321,5
2322,4
2323,4
2324,5
2325,8
2326,6
2327,6
2328,5
2329,5
2330,14
2331,5
2332,3
2333,4
2334,6
2335,6
2336,4
2337,4
2338,3
2339,4
2340,5
2341,4
2342,6
2343,4
2344,4
2345,6
2346,5
2347,5
2348,4
2349,5
2350,17
2351,7
2352,8
2353,7
2354,7
2355,8
2356,10
2357,8
2358,6
2359,6
2360,5
2361,8
2362,5
2363,5
2364,4
2365,5
2366,7
2367,7
2368,6
2369,4
2370,17
2371,6
2372,5
2373,5
2374,7
2375,8
2376,9
2377,7
2378,6
2379,6
2380,6
2381,7
2382,7
2383,5
2384,5
2385,7
2386,8
2387,9
2388,6
2389,4
2390,5
2391,4
2392,7
2393,5
2394,9
2395,7
2396,6
2397,5
2398,6
2399,4
2400,5
2401,5
2402,6
2403,6
2404,4
2405,6
2406,5
2407,5
2408,7
2409,7
2410,6
2411,7
2412,7
2413,8
2414,6
2415,7
2416,6
2417,4
2418,7
2419,4
2420,7
2421,7
2422,6
2423,6
2424,5
2425,5
2426,8
2427,6
2428,10
2429,5
2430,4
2431,5
2432,5
2433,4
2434,6
2435,5
2436,5
2437,5
2438,5
2439,9
2440,19
2441,5
2442,8
2443,6
2444,7
2445,6
2446,6
2447,4
2448,6
2449,6
2450,5
2451,4
2452,4
2453,3
2454,4
2455,6
2456,4
2457,6
2458,7
2459,4
2460,6
2461,4
2462,5
2463,4
2464,7
2465,7
2466,6
2467,5
2468,5
2469,5
2470,23
2471,7
2472,5
2473,8
2474,6
2475,8
2476,8
2477,7
2478,7
2479,6
2480,8
2481,7
2482,6
2483,5
2484,5
2485,5
2486,9
2487,5
2488,5
2489,7
2490,19
2491,8
2492,6
2493,7
2494,6
2495,8
2496,8
2497,5
2498,5
2499,4
2500,6
2501,11
2502,4
2503,5
2504,7
2505,4
2506,5
2507,8
2508,6
2509,5
2510,17
2511,4
2512,5
2513,4
2514,4
2515,5
2516,4
2517,4
2518,3
2519,4
2520,5
2521,4
2522,4
2523,4
2524,5
2525,5
2526,6
2527,6
2528,7
2529,8
2530,28
2531,6
2532,6
2533,7
2534,6
2535,7
2536,4
2537,3
2538,4
2539,4
2540,8
2541,6
2542,4
2543,13
2544,12
2545,10
2546,8
2547,7
2548,8
2549,7
2550,28
2551,6
2552,6
2553,8
2554,7
2555,9
2556,7
2557,6
2558,5
2559,9
2560,7
2561,8
2562,6
2563,7
2564,6
2565,6
2566,11
2567,6
2568,5
2569,5
2570,21
2571,7
2572,7
2573,4
2574,7
2575,5
2576,9
2577,5
2578,5
2579,5
2580,6
2581,5
2582,7
2583,6
2584,6
2585,9
2586,5
2587,12
2588,8
2589,8
2590,8
2591,9
2592,11
2593,8
2594,8
2595,7
2596,5
2597,7
2598,5
2599,5
2600,8
2601,5
2602,5
2603,4
2604,5
2605,4
2606,4
2607,5
2608,9
2609,5
2610,4
2611,5
2612,6
2613,7
2614,5
2615,6
2616,6
2617,5
2618,8
2619,7
2620,7
2621,6
2622,5
2623,7
2624,5
2625,4
2626,5
2627,5
2628,7
2629,6
2630,7
2631,7
2632,5
2633,6
2634,5
2635,5
2636,6
2637,5
2638,4
2639,6
2640,15
2641,7
2642,7
2643,8
2644,7
2645,4
2646,5
2647,4
2648,4
2649,6
2650,5
2651,5
2652,4
2653,4
2654,4
2655,6
2656,6
2657,7
2658,5
2659,6
2660,9
2661,8
2662,7
2663,5
2664,6
2665,8
2666,7
2667,6
2668,7
2669,6
2670,24
2671,9
2672,8
2673,7
2674,8
2675,10
2676,6
2677,5
2678,6
2679,6
2680,5
2681,11
2682,8
2683,8
2684,9
2685,7
2686,10
2687,7
2688,8
2689,5
2690,19
2691,7
2692,5
2693,5
2694,5
2695,6
2696,10
2697,6
2698,6
2699,7
2700,5
2701,8
2702,6
2703,5
2704,4
2705,5
2706,5
2707,8
2708,5
2709,6
2710,17
2711,4
2712,4
2713,5
2714,5
2715,8
2716,7
2717,6
2718,7
2719,6
2720,5
2721,7
2722,7
2723,5
2724,4
2725,6
2726,5
2727,4
2728,8
2729,7
2730,16
2731,4
2732,4
2733,4
2734,3
2735,6
2736,6
2737,3
2738,5
2739,3
2740,7
2741,4
2742,5
2743,4
2744,6
2745,9
2746,4
2747,6
2748,7
2749,8
2750,19
2751,5
2752,5
2753,5
2754,6
2755,5
2756,8
2757,5
2758,4
2759,5
2760,7
2761,8
2762,6
2763,5
2764,5
2765,6
2766,8
2767,6
2768,4
2769,4
2770,18
2771,6
2772,4
2773,5
2774,5
2775,5
2776,7
2777,7
2778,6
2779,4
2780,5
2781,5
2782,7
2783,5
2784,4
2785,4
2786,7
2787,10
2788,8
2789,7
2790,7
2791,7
2792,11
2793,7
2794,8
2795,6
2796,5
2797,5
2798,4
2799,4
2800,5
2801,3
2802,7
2803,4
2804,5
2805,5
2806,4
2807,4
2808,6
2809,5
2810,4
2811,4
2812,4
2813,7
2814,7
2815,6
2816,7
2817,4
2818,6
2819,4
2820,5
2821,4
2822,6
2823,10
2824,5
2825,5
2826,5
2827,6
2828,7
2829,5
2830,5
2831,6
2832,7
2833,6
2834,8
2835,6
2836,5
2837,6
2838,6
2839,6
2840,19
2841,7
2842,8
2843,9
2844,9
2845,4
2846,4
2847,6
2848,5
2849,7
2850,5
2851,7
2852,5
2853,5
2854,4
2855,6
2856,5
2857,7
2858,4
2859,4
2860,6
2861,4
2862,7
2863,6
2864,6
2865,8
2866,6
2867,5
2868,5
2869,4
2870,27
2871,10
2872,9
2873,9
2874,9
2875,8
2876,6
2877,6
2878,8
2879,6
2880,6
2881,7
2882,6
2883,5
2884,5
2885,6
2886,12
2887,9
2888,8
2889,8
2890,18
2891,7
2892,6
2893,5
2894,6
2895,7
2896,11
2897,5
2898,6
2899,6
2900,8
2901,10
2902,6
2903,5
2904,5
2905,6
2906,6
2907,9
2908,5
2909,5
2910,24
2911,7
2912,5
2913,7
2914,6
2915,7
2916,5
2917,6
2918,4
2919,7
2920,10
2921,7
2922,8
2923,7
2924,7
2925,10
2926,8
2927,8
2928,8
2929,8
2930,28
2931,7
2932,7
2933,6
2934,7
2935,8
2936,5
2937,5
2938,4
2939,5
2940,8
2941,6
2942,5
2943,7
2944,4
2945,6
2946,7
2947,6
2948,6
2949,5
2950,21
2951,6
2952,6
2953,6
2954,5
2955,5
2956,8
2957,7
2958,8
2959,5
2960,5
2961,7
2962,6
2963,4
2964,4
2965,4
2966,7
2967,4
2968,5
2969,7
2970,19
2971,7
2972,4
2973,4
2974,5
2975,5
2976,7
2977,6
2978,5
2979,6
2980,5
2981,5
2982,6
2983,5
2984,5
2985,5
2986,5
2987,8
2988,7
2989,7
2990,5
2991,6
2992,6
2993,7
2994,6
2995,6
2996,5
2997,9
2998,5
2999,4
